Company Name,Phone Number,City
Apptunix Saudi Arabia,+971 50 782 1690,Riyadh
SAP KSA Software Trading Co.,+966 11 202 7000,Riyadh
Absolute Solutions,+966 50 825 0090,Riyadh
Omega Software (TIS),+966 54 445 5237,Riyadh
Lucidya,Not Publicly Available,Riyadh
Creative Solutions Co. Ltd,+966 59 345 3627,Riyadh
Orbitbeam Application Solution,+966 54 265 1001,Riyadh
Trango Tech,+971 4 581 3629,Riyadh
TeleNoc (Halcon Group),+966 11 466 6664,Riyadh
Olivo Software Company,+966 50 619 5881,Riyadh
Code7,+966 53 039 4143,Riyadh
ALIA ICT,+966 9200 06339,Riyadh
Saudi Information Technology Co. (SITE),+966 9200 00833,Riyadh
Innovative Solutions (Cybersecurity),+966 11 293 1501,Riyadh
ZOOM IT Solutions,+966 59 819 1020,Riyadh
HCLTech (Riyadh office),+966 50 009 5643,Riyadh
OdooTec,Not Publicly Available,Riyadh
AI-TECH,+966 55 960 4635,Riyadh
SCAI Company,+966 11 506 0000,Riyadh
TechGropse (Riyadh),+971 52 798 4766,Riyadh
Klues.AI,+966 11 441 1147,Riyadh
Lean Node / Boud AI,Not Publicly Available,Diriyah/Riyadh
Future Look ICT,+966 9200 12932,Riyadh
Wittify.ai,+966 11 510 3635,Riyadh
Intelmatix,+966 11 260 0600,Riyadh
Analytix Arabia Consultants (Riyadh),+966 55 440 2052,Riyadh
Active Business Solutions (ISO),+966 11 520 5405,Riyadh
Palladium LLC KSA,+966 11 464 4452,Riyadh
HUED (UX/Design Consultancy),+966 56 189 2622,Riyadh
SAUDCONSULT,+966 11 283 7800,Riyadh
TechMantra Global,+966 55 363 9545,Riyadh
Corprights National Hub,+966 50 911 7516,Riyadh
StandardTouch,+966 59 115 3847,Riyadh
Elryad Web Design,+966 54 821 5160,Riyadh
Musemind (UI/UX Agency),+966 53 138 2220,Riyadh
Element8,+966 11 470 3408,Riyadh
Internet Solutions,+966 9200 09249,Riyadh
Digital Gravity (Riyadh),+971 4 395 9585,Riyadh
Alan Webs,+966 58 267 6110,Riyadh
Fluper Saudi Arabia,+971 54 700 4175,Riyadh
TekRevol,+966 11 520 3886,Riyadh
MMC Global,+971 50 774 5600,Riyadh
Brill Mindz (Riyadh),+91 95384 48421,Riyadh
The Hashtech,+966 53 405 3085,Jeddah
Ultimate Solution,+966 58 188 0681,Jeddah
Whetstonez,+966 55 222 6985,Jeddah
TechGropse (Jeddah),+971 52 798 4766,Jeddah
FORALL,+966 54 805 5570,Jeddah
Saudi Amazon IT (Al Amazon Info Tech),+966 12 651 8080,Jeddah
Skyview Information Technologies,+966 53 879 2285,Jeddah
Saudisoft Co.,+966 12 663 3999,Jeddah
Nomizo Technology,+966 53 938 2897,Jeddah
BOT Solutions,+966 54 311 0883,Jeddah
SAT Microsystems,+966 59 049 1974,Jeddah
Aram Tech,+966 53 266 5664,Jeddah
Hetrotech IT Solutions,+966 50 936 9425,Jeddah
Sohoby,Not Publicly Available,Jeddah
Alwajeez Tech,+966 55 397 7098,Jeddah
Koraspond (Digital Marketing),+966 54 004 2213,Jeddah
LtsThink,+966 55 252 5261,Jeddah
Adonix AI,+966 53 849 8580,Jeddah
Room 11 Marketing Agency,+966 54 767 1074,Jeddah
Above Limits,+966 55 734 8880,Jeddah
Creative Action Agency,+966 12 657 9068,Jeddah
MOCKUP Creative Agency,+966 54 747 5047,Jeddah
Digitect,+966 9200 24045,Jeddah
The Digital Squad,+966 55 052 7255,Jeddah
77 Media,+966 12 659 0077,Jeddah
Brill Mindz KSA,+91 95384 48421,Jeddah
Multiple Software Technology Trading,+966 13 867 2133,Al Khobar
Legend Techno,+966 54 509 9666,Al Khobar
CompuSOFT,+966 13 814 4753,Dammam
Golden Leadership IT,+966 54 434 1670,Dammam
Touch Business Solutions,+966 59 365 2828,Al Khobar
Specialized Technology Solutions,+966 50 764 7472,Dammam
CoreCellent Technologies,+966 57 095 0037,Al Khobar
ZEBRONET Technologies,+971 54 255 1123,Al Khobar
McLynk,+91 77369 25498,Al Khobar
Openway Technical Support Services,+966 13 817 9368,Al Khobar
Analytix Arabia Consultants (Dammam),+966 55 440 2052,Dammam
SHAP IT (SAP Consulting),+966 50 485 0144,Jubail
