Number,Status,Detail,Timestamp
+923279115785,Failed,"Attachment and fallback both failed: Message: element click intercepted: Element <div aria-activedescendant="""" aria-autocomplete=""list"" aria-label=""Type a message to Malik Anas Talha"" aria-owns=""emoji-suggestion"" class=""x1hx0egp x6ikm8r x1odjw0f x1k6rcq7 x6prxxf"" contenteditable=""true"" data-testid=""conversation-compose-box-input"" role=""textbox"" spellcheck=""true"" tabindex=""10"" aria-placeholder=""Type a message"" data-tab=""10"" data-lexical-editor=""true"" style=""max-height: 11.76em; min-height: 1.47em; user-select: text; white-space: pre-wrap; word-break: break-word;"">...</div> is not clickable at point (940, 546). Other element would receive the click: <div class=""x1c4vz4f xs83m0k xdl72j9 x1g77sc7 x78zum5 xozqiw3 x1oa3qoh x12fk4p8 xeuugli x2lwn1j xl56j7k x1q0g3np x6s0dn4 x9f619 x1iyjqo2 xs83m0k xdl72j9 xav9cv8 xlese2p xviac27 xat24cr"" style=""flex-grow: 1;"">...</div>
  (Session info: chrome=150.0.7871.188); For documentation on this error, please visit: https://www.selenium.dev/documentation/webdriver/troubleshooting/errors#elementclickinterceptedexception
Stacktrace:
	chromedriver!GetHandleVerifier [0x7ff659800d25+155a5]
	chromedriver!GetHandleVerifier [0x7ff659800d80+15600]
	chromedriver!(No symbol) [0x7ff65935594d]
	chromedriver!(No symbol) [0x7ff6593b8575]
	chromedriver!(No symbol) [0x7ff6593b6193]
	chromedriver!(No symbol) [0x7ff6593b34e7]
	chromedriver!(No symbol) [0x7ff6593b23a0]
	chromedriver!(No symbol) [0x7ff6593a4d98]
	chromedriver!(No symbol) [0x7ff6593d91ca]
	chromedriver!(No symbol) [0x7ff6593a4616]
	chromedriver!(No symbol) [0x7ff6593fe01b]
	chromedriver!(No symbol) [0x7ff6593a2e6c]
	chromedriver!(No symbol) [0x7ff6593a3d93]
	chromedriver!GetHandleVerifier [0x7ff659de6431+5facb1]
	chromedriver!GetHandleVerifier [0x7ff659de0a9b+5f531b]
	chromedriver!GetHandleVerifier [0x7ff659e05865+61a0e5]
	chromedriver!GetHandleVerifier [0x7ff65981dace+3234e]
	chromedriver!GetHandleVerifier [0x7ff65982661c+3ae9c]
	chromedriver!GetHandleVerifier [0x7ff65980ab74+1f3f4]
	chromedriver!GetHandleVerifier [0x7ff65980ad04+1f584]
	chromedriver!GetHandleVerifier [0x7ff6597ed9d7+2257]
	KERNEL32!BaseThreadInitThunk [0x7ff93d457374+14]
	ntdll!RtlUserThreadStart [0x7ff93f45cc91+21]
",2026-07-31 16:00:08
